Date,DateTotal,HomicideTotal,ArsonTotal,DeceptivePracticeTotal,BurglaryTotal,DayTotal,NightTotal,Temp_Avg(oF),Temp_Max(oF),Temp_Min(oF),Precip(in),Snow(in),Wind(mph),Fog,HeavyFog,Thunder,Sleet,Hail,Glaze,Haze,Snow,Tornado,HighWinds,Sunny,DayLength,DayLengthPercent,WeatherCondition
2015-01-01,1184,0,0,199,16,251,727,20,32,14,0,0,14.54,0,0,0,0,0,0,0,0,0,0,1,9:11:52,0.38,1
2015-01-02,673,0,1,52,33,235,385,26,34,15,0,0,4.7,0,0,0,0,0,0,0,0,0,0,1,9:12:39,0.38,1
2015-01-03,648,1,0,27,21,251,365,31,34,29,0.57,0.4,5.59,1,0,0,1,0,1,0,0,0,0,0,9:13:30,0.38,0
2015-01-04,513,0,2,19,16,178,316,29,33,2,0.13,2.2,15.88,1,0,0,0,0,0,1,1,0,0,0,9:14:25,0.39,0
2015-01-05,521,1,0,40,38,214,267,2,6,-3,0.15,1.8,10.29,1,0,0,0,0,0,1,0,0,0,0,9:15:24,0.39,0
2015-01-06,501,2,2,41,26,201,258,5,10,-5,0.01,0.2,13.87,1,0,0,0,0,0,1,1,0,0,0,9:16:27,0.39,0
2015-01-07,473,0,0,39,24,192,242,3,6,-6,0,0,17.45,0,0,0,0,0,0,1,0,0,0,0,9:17:34,0.39,1
2015-01-08,447,1,0,27,22,206,213,-2,18,-8,0.06,3,17.67,0,0,0,0,0,0,1,1,0,0,0,9:18:44,0.39,0
2015-01-09,588,1,0,34,34,264,290,8,11,0,0,0,16.55,0,0,0,0,0,0,1,1,0,0,0,9:19:58,0.39,0
2015-01-10,645,1,1,29,28,258,357,5,24,-2,0,0,11.63,0,0,0,0,0,0,0,0,0,0,1,9:21:15,0.39,1
2015-01-11,648,0,0,22,30,249,376,26,32,22,0.19,2.6,8.28,1,0,0,0,0,0,0,0,0,0,0,9:22:36,0.39,1
2015-01-12,607,0,1,37,36,273,296,23,28,15,0,0.4,12.75,1,0,0,0,0,0,1,0,0,0,0,9:24:01,0.39,0
2015-01-13,611,2,0,39,36,294,278,17,19,3,0,0.2,7.61,0,0,0,0,0,0,0,0,0,0,1,9:25:28,0.39,1
2015-01-14,675,1,1,36,54,292,346,11,19,1,0,0,6.49,1,0,0,0,0,0,0,0,0,0,0,9:26:59,0.39,1
2015-01-15,761,0,1,44,57,357,358,22,34,17,0,0,10.07,0,0,0,0,0,0,0,0,0,0,1,9:28:34,0.39,1
2015-01-16,709,1,0,43,34,312,351,28,34,23,0,0,8.28,0,0,0,0,0,0,0,0,0,0,1,9:30:11,0.4,1
2015-01-17,741,2,0,27,37,288,424,34,42,26,0,0,15.43,1,0,0,0,0,0,0,0,0,0,0,9:31:52,0.4,1
2015-01-18,696,1,0,20,32,263,412,37,40,27,0,0,10.51,0,0,0,0,0,0,0,0,0,0,1,9:33:35,0.4,1
2015-01-19,707,0,0,35,27,285,387,32,41,25,0,0,5.37,0,0,0,0,0,0,0,0,0,0,1,9:35:21,0.4,1
2015-01-20,792,1,0,49,46,354,388,34,36,29,0,0,7.38,1,0,0,0,0,1,0,0,0,0,0,9:37:11,0.4,0
2015-01-21,743,3,2,51,46,330,362,31,33,29,0.01,0.1,7.61,1,0,0,0,0,1,0,0,0,0,0,9:39:02,0.4,0
2015-01-22,750,0,0,48,57,362,340,30,31,28,0,0,6.93,0,0,0,0,0,0,0,0,0,0,1,9:40:57,0.4,1
2015-01-23,800,2,0,38,46,341,420,30,31,29,0,0,11.41,0,0,0,0,0,0,0,0,0,0,1,9:42:54,0.4,1
2015-01-24,756,1,2,33,31,266,454,33,43,29,0,0,8.05,0,0,0,0,0,0,0,0,0,0,1,9:44:54,0.41,1
2015-01-25,646,0,1,34,29,221,391,31,34,24,0.08,0.6,14.54,1,0,0,1,0,0,0,0,0,0,0,9:46:56,0.41,0
2015-01-26,656,0,0,40,42,319,296,23,26,15,0.07,1,5.59,1,0,0,0,0,1,0,0,0,0,0,9:49:00,0.41,0
2015-01-27,674,2,1,46,39,315,313,27,32,20,0,0,6.04,1,0,0,0,0,1,0,0,0,0,0,9:51:07,0.41,0
2015-01-28,646,0,0,42,27,307,297,26,34,19,0.01,0,10.96,0,0,0,0,0,0,0,0,0,0,1,9:53:16,0.41,1
2015-01-29,703,3,0,43,36,361,297,33,35,28,0.01,0.1,13.87,1,0,0,0,0,0,1,0,0,0,0,9:55:27,0.41,0
2015-01-30,714,2,1,48,39,294,371,27,30,18,0,0,7.38,0,0,0,0,0,0,0,0,0,0,1,9:57:39,0.42,1
2015-01-31,635,1,1,27,26,248,360,27,36,19,0.12,1.3,6.93,1,0,0,0,0,0,0,0,0,0,0,9:59:54,0.42,1
2015-02-01,548,1,0,105,23,196,247,29,31,19,0.87,16.2,18.34,1,1,0,0,0,0,0,1,0,0,0,10:02:11,0.42,0
2015-02-02,473,2,1,68,19,196,208,15,19,6,0.05,1.8,12.75,1,0,0,0,0,0,0,1,0,0,0,10:04:30,0.42,0
2015-02-03,508,0,0,57,18,237,214,13,26,2,0.09,1.6,5.37,1,1,0,0,0,0,0,0,0,0,0,10:06:50,0.42,0
2015-02-04,577,1,0,48,24,265,263,21,25,4,0.02,0.3,10.51,1,0,0,0,0,0,0,0,0,0,0,10:09:12,0.42,1
2015-02-05,570,0,1,43,26,285,242,7,15,-2,0,0,8.95,0,0,0,0,0,0,0,0,0,0,1,10:11:36,0.42,1
2015-02-06,692,0,2,46,27,294,348,17,31,13,0,0,8.5,0,0,0,0,0,0,0,0,0,0,1,10:14:01,0.43,1
2015-02-07,678,0,1,43,20,242,392,29,41,18,0,0,7.61,1,0,0,0,0,0,0,0,0,0,0,10:16:28,0.43,1
2015-02-08,614,2,1,26,19,235,352,36,39,25,0.01,0,9.84,1,0,0,0,0,1,1,0,0,0,0,10:18:56,0.43,0
2015-02-09,606,3,0,48,27,292,266,26,27,19,0,0,12.3,1,0,0,0,0,1,0,0,0,0,0,10:21:25,0.43,0
2015-02-10,628,2,2,46,22,326,255,25,33,14,0,0,7.83,0,0,0,0,0,0,0,0,0,0,1,10:23:56,0.43,1
2015-02-11,606,0,1,40,31,305,261,31,35,18,0,0,13.42,1,0,0,0,0,0,1,0,0,0,0,10:26:28,0.44,0
2015-02-12,610,0,0,49,26,301,258,16,18,8,0,0,12.97,0,0,0,0,0,0,1,0,0,0,0,10:29:02,0.44,1
2015-02-13,632,0,1,65,20,280,286,11,26,5,0,0,10.51,0,0,0,0,0,0,0,0,0,0,1,10:31:36,0.44,1
2015-02-14,598,0,0,25,25,255,317,19,27,1,0,0.2,19.46,0,0,0,0,0,0,1,1,0,0,0,10:34:12,0.44,0
2015-02-15,552,1,0,35,19,212,304,4,15,-3,0.03,0.2,9.17,0,0,0,0,0,0,0,0,0,0,1,10:36:48,0.44,1
2015-02-16,535,0,1,36,20,266,233,12,18,5,0,0,4.92,0,0,0,0,0,0,0,0,0,0,1,10:39:29,0.44,1
2015-02-17,596,0,0,43,26,285,268,17,19,8,0,0.1,12.3,0,0,0,0,0,0,1,0,0,0,0,10:42:04,0.45,1
2015-02-18,510,0,0,48,23,250,211,7,8,-3,0,0,15.21,0,0,0,0,0,0,1,0,0,0,0,10:44:44,0.45,1
2015-02-19,463,0,1,37,16,224,202,-2,4,-8,0,0,11.41,0,0,0,0,0,0,0,0,0,0,1,10:47:24,0.45,1
2015-02-20,650,2,0,60,33,318,266,3,18,-7,0.01,0.2,13.2,0,0,0,0,0,0,0,0,0,0,1,10:50:05,0.45,1
2015-02-21,652,1,1,33,19,255,362,22,32,17,0,0,4.25,0,0,0,0,0,0,1,0,0,0,0,10:52:47,0.45,1
2015-02-22,591,1,1,33,20,238,319,21,28,2,0,0,13.2,0,0,0,0,0,0,0,0,0,0,1,10:55:29,0.46,1
2015-02-23,571,0,1,45,33,311,215,4,12,-4,0,0,9.84,0,0,0,0,0,0,0,0,0,0,1,10:58:12,0.46,1
2015-02-24,627,0,2,35,42,327,264,11,29,4,0.01,0.1,15.88,0,0,0,0,0,0,0,0,0,0,1,11:00:56,0.46,1
2015-02-25,571,3,3,44,23,295,232,21,26,10,0.17,2,7.83,1,0,0,0,0,0,0,0,0,0,0,11:03:40,0.46,1
2015-02-26,516,0,0,50,20,260,206,17,19,0,0.17,3.7,12.53,1,0,0,0,0,0,0,1,0,0,0,11:06:25,0.46,0
2015-02-27,638,0,0,60,25,314,263,6,14,-2,0,0,8.28,0,0,0,0,0,0,0,0,0,0,1,11:09:10,0.46,1
2015-02-28,545,0,0,28,17,230,287,6,21,-10,0.02,0.4,5.37,1,0,0,0,0,0,0,0,0,0,0,11:11:56,0.47,1
2015-03-01,749,0,0,83,27,301,362,18,25,10,0,0,6.93,1,0,0,0,0,0,1,0,0,0,0,11:14:42,0.47,0
2015-03-02,658,1,0,48,35,321,289,21,33,13,0,0,7.38,0,0,0,0,0,0,0,0,0,0,1,11:17:29,0.47,1
2015-03-03,634,1,2,53,28,310,271,28,34,24,0.13,0.7,13.42,1,0,0,1,0,1,1,0,0,0,0,11:20:16,0.47,0
2015-03-04,559,0,1,44,19,287,228,24,31,10,0,0,13.42,0,0,0,0,0,0,0,0,0,0,1,11:23:04,0.47,1
2015-03-05,612,0,1,41,23,315,255,12,16,3,0,0,9.62,0,0,0,0,0,0,0,0,0,0,1,11:25:51,0.48,1
2015-03-06,711,0,0,68,34,351,291,12,27,0,0,0,13.2,0,0,0,0,0,0,0,0,0,0,1,11:28:40,0.48,1
2015-03-07,694,2,1,45,19,288,361,32,44,24,0,0,10.51,0,0,0,0,0,0,1,0,0,0,0,11:31:28,0.48,1
2015-03-08,625,2,1,15,23,303,305,35,40,28,0,0,6.71,0,0,0,0,0,0,0,0,0,0,1,11:34:17,0.48,1
2015-03-09,726,4,2,62,29,381,282,37,50,25,0,0,6.26,1,0,0,0,0,0,1,0,0,0,0,11:37:06,0.48,0
2015-03-10,753,0,1,66,26,397,289,40,51,35,0,0,6.71,1,1,0,0,0,0,1,0,0,0,0,11:39:55,0.49,0
2015-03-11,743,0,3,63,30,413,267,42,51,30,0,0,6.26,1,0,0,0,0,0,1,0,0,0,0,11:42:44,0.49,0
2015-03-12,750,0,2,45,23,418,285,42,56,28,0,0,8.5,0,0,0,0,0,0,0,0,0,0,1,11:45:33,0.49,1
2015-03-13,813,0,1,52,28,429,330,47,65,37,0,0,5.82,0,0,0,0,0,0,0,0,0,0,1,11:48:23,0.49,1
2015-03-14,797,0,1,32,23,380,375,51,60,37,0,0,12.3,1,0,0,0,0,0,1,0,0,0,0,11:51:13,0.49,0
2015-03-15,775,3,3,38,33,345,389,45,62,29,0,0,10.29,0,0,0,0,0,0,0,0,0,0,1,11:54:03,0.5,1
2015-03-16,777,1,2,48,36,379,346,58,73,42,0,0,12.75,0,0,0,0,0,0,0,0,0,0,1,11:56:53,0.5,1
2015-03-17,691,0,0,33,25,408,249,45,45,28,0,0,14.09,0,0,0,0,0,0,0,0,0,0,1,11:59:43,0.5,1
2015-03-18,688,0,5,49,28,406,230,37,50,28,0,0,4.7,0,0,0,0,0,0,0,0,0,0,1,12:02:33,0.5,1
2015-03-19,716,4,3,28,28,429,259,42,46,37,0,0,7.83,0,0,0,0,0,0,0,0,0,0,1,12:05:23,0.5,1
2015-03-20,775,1,0,53,29,437,284,42,50,38,0,0,8.95,1,0,0,0,0,0,1,0,0,0,0,12:08:13,0.51,0
2015-03-21,689,1,3,30,24,366,290,42,49,32,0,0,10.29,1,0,0,0,0,0,1,0,0,0,0,12:11:03,0.51,0
2015-03-22,655,2,0,29,26,320,303,32,35,26,0.02,0.2,10.96,1,0,0,0,0,0,1,0,0,0,0,12:13:53,0.51,0
2015-03-23,592,0,1,41,30,364,185,29,31,28,0.61,5.6,10.74,1,1,0,0,0,0,1,0,0,0,0,12:16:42,0.51,0
2015-03-24,639,1,1,47,30,381,209,30,37,19,0.04,0,11.41,0,0,0,0,0,0,0,0,0,0,1,12:19:32,0.51,1
2015-03-25,722,1,0,54,29,419,247,37,41,35,0.25,0,11.18,1,0,0,0,0,0,1,0,0,0,0,12:22:22,0.52,0
2015-03-26,683,1,1,35,32,429,218,37,42,31,0,0,11.18,0,0,0,0,0,0,0,0,0,0,1,12:25:11,0.52,1
2015-03-27,724,1,1,55,35,381,285,29,31,21,0.04,0.6,11.86,1,0,0,0,0,0,0,0,0,0,0,12:28:00,0.52,1
2015-03-28,657,1,4,33,14,339,281,27,36,20,0,0,7.16,0,0,0,0,0,0,0,0,0,0,1,12:30:50,0.52,1
2015-03-29,619,1,0,32,21,303,283,32,47,24,0.01,0,15.21,0,0,0,0,0,0,0,0,0,0,1,12:33:38,0.52,1
2015-03-30,718,1,0,57,31,434,225,46,61,34,0,0,10.74,0,0,0,0,0,0,0,0,0,0,1,12:36:27,0.53,1
2015-03-31,691,2,1,38,29,387,265,49,58,39,0,0,8.5,1,0,0,0,0,0,0,0,0,0,0,12:39:15,0.53,1
2015-04-01,918,1,2,112,35,467,334,52,72,35,0,0,11.41,1,0,0,0,0,0,1,0,0,0,0,12:42:04,0.53,0
2015-04-02,792,3,2,53,32,450,288,58,65,50,0.36,0,11.18,1,0,0,0,0,0,0,0,0,0,0,12:44:51,0.53,1
2015-04-03,708,3,1,43,23,414,250,50,53,30,0,0,10.51,0,0,0,0,0,0,0,0,0,0,1,12:47:39,0.53,1
2015-04-04,691,2,2,39,26,369,280,40,58,28,0,0,11.41,0,0,0,0,0,0,0,0,0,0,1,12:50:26,0.54,1
2015-04-05,672,0,2,26,30,326,314,53,66,36,0,0,9.84,0,0,0,0,0,0,0,0,0,0,1,12:53:13,0.54,1
2015-04-06,676,0,2,45,22,383,245,45,62,34,0.04,0,6.71,1,0,0,0,0,0,0,0,0,0,0,12:55:59,0.54,1
2015-04-07,603,0,0,49,31,333,220,40,46,38,0,0,13.87,1,0,0,0,0,0,1,0,0,0,0,12:58:45,0.54,0
2015-04-08,679,3,1,47,29,384,244,44,50,40,0.05,0,8.95,1,1,0,0,0,0,1,0,0,0,0,13:01:31,0.54,0
2015-04-09,647,0,2,43,39,357,244,52,71,41,1.41,0,13.87,1,1,1,0,0,0,1,0,0,0,0,13:04:16,0.54,0
2015-04-10,712,1,0,67,21,389,251,52,62,39,0,0,17.22,1,0,0,0,0,0,0,0,0,0,0,13:07:00,0.55,1
2015-04-11,719,1,0,35,27,382,301,48,62,38,0,0,7.61,0,0,0,0,0,0,0,0,0,0,1,13:09:45,0.55,1
2015-04-12,773,0,2,34,22,383,353,55,68,41,0,0,10.74,0,0,0,0,0,0,0,0,0,0,1,13:12:28,0.55,1
2015-04-13,734,0,2,68,37,415,251,60,65,49,0.22,0,12.53,1,0,1,0,0,0,0,0,0,0,0,13:15:11,0.55,0
2015-04-14,766,0,0,50,42,445,268,56,66,39,0,0,4.92,0,0,0,0,0,0,0,0,0,0,1,13:17:54,0.55,1
2015-04-15,798,2,2,93,25,443,259,54,64,43,0,0,10.74,0,0,0,0,0,0,0,0,0,0,1,13:20:35,0.56,1
2015-04-16,684,0,0,38,30,421,224,53,66,45,0,0,6.49,1,0,0,0,0,0,0,0,0,0,0,13:23:16,0.56,1
2015-04-17,784,0,1,53,42,447,280,61,78,45,0,0,5.14,1,0,0,0,0,0,1,0,0,0,0,13:25:57,0.56,0
2015-04-18,769,2,3,37,25,416,314,59,65,47,0,0,10.29,0,0,0,0,0,0,0,0,0,0,1,13:28:36,0.56,1
2015-04-19,702,2,1,20,21,382,298,56,68,48,0.46,0,9.62,1,0,0,0,0,0,0,0,0,0,0,13:31:15,0.56,1
2015-04-20,742,2,4,58,35,451,231,48,52,41,0.01,0,16.11,1,0,0,0,0,0,0,0,0,0,0,13:33:53,0.57,1
2015-04-21,662,3,1,41,25,401,219,44,54,38,0,0,19.91,0,0,0,0,0,0,0,0,0,0,1,13:36:30,0.57,1
2015-04-22,681,0,1,44,23,425,210,40,46,34,0,0,13.42,0,0,0,0,0,0,0,0,0,0,1,13:39:07,0.57,1
2015-04-23,730,1,1,47,41,478,202,42,55,32,0,0,8.72,0,0,0,0,0,0,0,0,0,0,1,13:41:42,0.57,1
2015-04-24,760,2,2,46,37,477,236,44,57,29,0.16,0,6.71,0,0,0,0,0,0,0,0,0,0,1,13:44:16,0.57,1
2015-04-25,695,1,0,54,23,369,271,43,48,39,0.16,0,12.97,1,0,0,0,0,0,1,0,0,0,0,13:46:50,0.57,0
2015-04-26,718,2,0,30,28,393,294,45,56,35,0,0,10.96,0,0,0,0,0,0,0,0,0,0,1,13:49:22,0.58,1
2015-04-27,719,0,0,51,49,475,193,46,55,38,0,0,10.07,0,0,0,0,0,0,0,0,0,0,1,13:51:53,0.58,1
2015-04-28,718,1,4,44,30,442,229,46,58,35,0,0,4.92,0,0,0,0,0,0,0,0,0,0,1,13:54:23,0.58,1
2015-04-29,765,2,3,52,32,482,230,49,61,38,0,0,7.16,0,0,0,0,0,0,0,0,0,0,1,13:56:51,0.58,1
2015-04-30,664,1,1,47,39,411,205,46,51,38,0,0,11.41,0,0,0,0,0,0,0,0,0,0,1,13:59:19,0.58,1
2015-05-01,934,4,2,113,36,511,305,50,67,38,0,0,5.82,0,0,0,0,0,0,0,0,0,0,1,14:01:45,0.58,1
2015-05-02,684,0,2,39,26,387,257,62,76,50,0,0,6.71,0,0,0,0,0,0,1,0,0,0,0,14:04:10,0.59,1
2015-05-03,745,1,0,22,19,367,354,67,78,55,0.42,0,9.84,1,0,1,0,0,0,0,0,0,0,0,14:06:33,0.59,0
2015-05-04,778,0,4,48,36,468,261,65,74,55,0,0,8.5,0,0,0,0,0,0,0,0,0,0,1,14:08:55,0.59,1
2015-05-05,696,1,0,48,35,460,186,52,56,47,0.95,0,9.17,1,1,1,0,0,0,0,0,0,0,0,14:11:15,0.59,0
2015-05-06,738,0,1,40,42,471,224,56,77,46,0,0,5.82,1,1,0,0,0,0,1,0,0,0,0,14:13:34,0.59,0
2015-05-07,823,2,1,42,41,504,273,67,83,52,0.04,0,11.41,1,0,0,0,0,0,1,0,0,0,0,14:15:51,0.59,0
2015-05-08,806,0,1,41,35,485,278,71,81,63,0.75,0,8.5,1,0,1,0,0,0,0,0,0,0,0,14:18:07,0.6,0
2015-05-09,685,1,0,35,25,415,233,60,64,47,0.29,0,8.95,1,1,0,0,0,0,0,0,0,0,0,14:20:20,0.6,0
2015-05-10,741,3,1,30,35,414,296,49,54,45,0.14,0,9.4,1,0,0,0,0,0,0,0,0,0,0,14:22:32,0.6,1
2015-05-11,746,1,0,47,38,451,246,56,68,47,0.22,0,13.2,1,1,0,0,0,0,0,0,0,0,0,14:24:42,0.6,0
2015-05-12,756,0,3,53,36,476,226,52,56,44,0,0,16.78,0,0,0,0,0,0,0,0,0,0,1,14:26:50,0.6,1
2015-05-13,766,1,0,48,35,518,199,48,52,40,0,0,9.62,0,0,0,0,0,0,0,0,0,0,1,14:28:56,0.6,1
2015-05-14,756,1,0,41,41,505,207,52,66,43,0.24,0,10.51,1,0,0,0,0,0,0,0,0,0,0,14:31:00,0.6,1
2015-05-15,819,0,0,44,35,533,238,63,76,57,0,0,7.83,0,0,0,0,0,0,0,0,0,0,1,14:33:02,0.61,1
2015-05-16,881,1,1,45,33,488,347,69,79,62,0.03,0,7.83,1,0,0,0,0,0,0,0,0,0,0,14:35:02,0.61,1
2015-05-17,835,0,3,28,30,479,328,72,82,66,0,0,15.88,1,0,0,0,0,0,1,0,0,0,0,14:36:59,0.61,0
2015-05-18,756,2,3,43,29,488,222,72,77,49,0,0,15.43,0,0,0,0,0,0,0,0,0,0,1,14:38:54,0.61,1
2015-05-19,707,0,2,32,40,503,169,50,53,40,0,0,10.51,0,0,0,0,0,0,0,0,0,0,1,14:40:47,0.61,1
2015-05-20,729,3,2,41,36,514,173,44,48,39,0.04,0,8.28,0,0,0,0,0,0,0,0,0,0,1,14:42:37,0.61,1
2015-05-21,743,1,0,46,29,496,196,52,69,45,0,0,9.84,0,0,0,0,0,0,0,0,0,0,1,14:44:25,0.61,1
2015-05-22,824,1,3,43,55,513,266,59,66,47,0,0,8.5,0,0,0,0,0,0,0,0,0,0,1,14:46:10,0.62,1
2015-05-23,798,4,2,37,36,450,307,62,80,46,0,0,7.61,0,0,0,0,0,0,0,0,0,0,1,14:47:52,0.62,1
2015-05-24,687,6,2,21,28,346,319,66,72,59,0.36,0,7.38,1,0,0,0,0,0,0,0,0,0,0,14:49:32,0.62,1
2015-05-25,708,3,4,26,37,408,273,70,78,65,0.07,0,15.21,1,0,0,0,0,0,0,0,0,0,0,14:51:09,0.62,1
2015-05-26,770,0,0,40,34,475,250,71,74,64,0.5,0,12.75,1,0,0,0,0,0,1,0,0,0,0,14:52:43,0.62,0
2015-05-27,736,0,1,34,30,487,210,68,74,59,0,0,10.74,0,0,0,0,0,0,0,0,0,0,1,14:54:14,0.62,1
2015-05-28,799,1,3,44,39,500,250,69,82,54,0,0,6.04,0,0,0,0,0,0,0,0,0,0,1,14:55:42,0.62,1
2015-05-29,827,1,0,48,44,527,248,72,81,63,0.2,0,9.84,1,0,0,0,0,0,0,0,0,0,0,14:57:07,0.62,1
2015-05-30,718,5,0,35,34,417,265,64,71,44,0.41,0,14.32,1,0,0,0,0,0,0,0,0,0,0,14:58:28,0.62,1
2015-05-31,665,4,0,35,26,421,208,47,55,42,0,0,16.11,1,0,0,0,0,0,0,0,0,0,0,14:59:47,0.62,1
2015-06-01,940,1,3,120,40,583,236,51,60,44,0,0,9.4,0,0,0,0,0,0,0,0,0,0,1,15:01:02,0.63,1
2015-06-02,771,2,2,45,33,476,245,56,70,42,0,0,5.37,0,0,0,0,0,0,0,0,0,0,1,15:02:15,0.63,1
2015-06-03,776,1,2,53,43,504,214,62,77,50,0,0,6.93,0,0,0,0,0,0,1,0,0,0,0,15:03:23,0.63,1
2015-06-04,720,1,0,39,27,470,207,68,81,57,0,0,7.38,0,0,0,0,0,0,1,0,0,0,0,15:04:29,0.63,1
2015-06-05,785,2,0,55,33,467,262,65,70,55,0,0,14.76,1,0,0,0,0,0,0,0,0,0,0,15:05:31,0.63,1
2015-06-06,756,1,1,42,36,466,248,60,71,52,0,0,8.28,0,0,0,0,0,0,0,0,0,0,1,15:06:29,0.63,1
2015-06-07,737,1,3,26,26,389,322,66,81,55,0.36,0,12.08,1,0,1,0,0,0,1,0,0,0,0,15:07:24,0.63,0
2015-06-08,681,2,2,42,36,439,199,73,84,61,0.04,0,11.41,0,0,1,0,1,0,0,0,0,0,0,15:08:15,0.63,0
2015-06-09,729,0,0,43,31,467,214,70,85,60,0,0,8.72,0,0,0,0,0,0,0,0,0,0,1,15:09:03,0.63,1
2015-06-10,789,2,1,43,36,475,268,80,92,68,0,0,11.41,0,0,0,0,0,0,1,0,0,0,0,15:09:47,0.63,1
2015-06-11,799,1,0,36,51,528,235,69,72,58,0.27,0,8.28,1,0,0,0,0,0,1,0,0,0,0,15:10:27,0.63,0
2015-06-12,827,3,0,50,50,515,260,62,67,56,0.13,0,8.28,1,0,1,0,0,0,0,0,0,0,0,15:11:04,0.63,0
2015-06-13,812,2,1,32,26,452,326,66,86,56,0.4,0,6.71,1,0,1,0,0,0,1,0,0,0,0,15:11:36,0.63,0
2015-06-14,794,3,2,32,40,474,287,73,83,68,0.6,0,6.93,1,0,0,0,0,0,0,0,0,0,0,15:12:05,0.63,1
2015-06-15,738,1,0,70,39,469,196,75,80,68,2.56,0,5.59,1,0,1,0,0,0,0,0,0,0,0,15:12:30,0.63,0
2015-06-16,847,3,0,43,50,553,248,69,72,56,0,0,10.29,1,0,0,0,0,0,0,0,0,0,0,15:12:51,0.63,1
2015-06-17,720,1,0,28,55,493,197,61,72,56,0.14,0,4.7,1,0,0,0,0,0,1,0,0,0,0,15:13:09,0.63,0
2015-06-18,768,4,0,41,47,495,230,72,79,58,0.27,0,10.29,1,0,1,0,0,0,0,0,0,0,0,15:13:22,0.63,0
2015-06-19,775,0,3,33,40,505,233,61,67,54,0,0,10.29,0,0,0,0,0,0,0,0,0,0,1,15:13:32,0.63,1
2015-06-20,766,2,2,41,31,452,271,63,78,53,0.31,0,7.16,1,0,1,0,0,0,0,0,0,0,0,15:13:37,0.63,0
2015-06-21,783,1,1,21,33,441,319,74,84,67,0,0,8.28,0,0,0,0,0,0,0,0,0,0,1,15:13:39,0.63,1
2015-06-22,779,0,0,39,42,469,268,75,83,66,0.09,0,10.51,1,0,1,0,0,0,0,0,0,0,0,15:13:37,0.63,0
2015-06-23,731,2,4,36,34,464,225,75,82,63,0,0,9.84,0,0,0,0,0,0,0,0,0,0,1,15:13:31,0.63,1
2015-06-24,728,1,3,34,33,459,232,70,79,60,0,0,4.92,0,0,0,0,0,0,1,0,0,0,0,15:13:21,0.63,1
2015-06-25,783,2,1,33,41,502,245,71,79,61,1.01,0,7.16,1,0,1,0,0,0,1,0,0,0,0,15:13:07,0.63,0
2015-06-26,782,1,3,57,48,474,250,63,67,58,0.13,0,9.4,1,0,0,0,0,0,1,0,0,0,0,15:12:49,0.63,0
2015-06-27,721,3,2,38,17,412,269,64,76,56,0,0,8.95,0,0,0,0,0,0,0,0,0,0,1,15:12:28,0.63,1
2015-06-28,797,1,0,24,36,442,326,67,79,54,0.02,0,3.8,1,0,0,0,0,0,0,0,0,0,0,15:12:02,0.63,1
2015-06-29,751,1,3,47,36,448,250,68,75,64,0.62,0,4.03,1,0,1,0,0,0,1,0,0,0,0,15:11:33,0.63,0
2015-06-30,747,2,0,40,40,483,223,68,77,57,0.17,0,8.5,1,0,0,0,0,0,0,0,0,0,0,15:10:59,0.63,1
2015-07-01,879,1,2,109,49,520,247,61,69,54,0,0,7.38,0,0,0,0,0,0,0,0,0,0,1,15:10:23,0.63,1
2015-07-02,757,2,0,58,26,471,223,59,69,53,0,0,9.4,1,0,0,0,0,0,0,0,0,0,0,15:09:43,0.63,1
2015-07-03,768,3,1,45,36,493,226,64,77,55,0,0,4.47,0,0,0,0,0,0,0,0,0,0,1,15:08:59,0.63,1
2015-07-04,842,1,3,24,37,459,359,70,81,59,0,0,4.47,0,0,0,0,0,0,1,0,0,0,0,15:08:11,0.63,1
2015-07-05,897,6,8,23,33,440,433,72,83,60,0,0,5.14,1,0,0,0,0,0,1,0,0,0,0,15:07:19,0.63,0
2015-07-06,757,1,2,55,39,465,234,74,85,64,0.49,0,9.62,1,0,1,0,0,0,1,0,0,0,0,15:06:24,0.63,0
2015-07-07,700,1,0,42,37,448,206,67,71,55,0.27,0,14.32,1,0,0,0,0,0,1,0,0,0,0,15:05:26,0.63,0
2015-07-08,713,2,0,43,44,463,204,60,67,54,0.07,0,7.61,1,0,0,0,0,0,0,0,0,0,0,15:04:24,0.63,1
2015-07-09,671,2,1,32,38,413,224,64,77,58,0,0,7.16,1,0,0,0,0,0,0,0,0,0,0,15:03:19,0.63,1
2015-07-10,738,2,1,49,30,471,215,69,83,59,0,0,3.8,1,0,0,0,0,0,0,0,0,0,0,15:02:10,0.63,1
2015-07-11,797,5,3,30,28,473,290,70,78,61,0.03,0,5.14,1,0,0,0,0,0,1,0,0,0,0,15:00:58,0.63,0
2015-07-12,801,1,0,41,22,425,332,74,83,69,0,0,6.26,1,0,0,0,0,0,1,0,0,0,0,14:59:42,0.62,0
2015-07-13,781,1,3,59,42,486,236,76,86,68,0.42,0,9.62,1,0,1,0,0,0,0,0,0,0,0,14:58:24,0.62,0
2015-07-14,711,0,0,31,27,458,219,76,83,61,0,0,12.53,0,0,0,0,0,0,0,0,0,0,1,14:57:02,0.62,1
2015-07-15,793,2,1,59,28,515,217,66,75,59,0,0,8.5,0,0,0,0,0,0,0,0,0,0,1,14:55:38,0.62,1
2015-07-16,669,1,2,43,32,432,193,66,75,58,0.97,0,7.61,1,0,1,0,0,0,0,0,0,0,0,14:54:10,0.62,0
2015-07-17,823,4,0,48,41,492,279,77,92,71,0.06,0,8.05,1,0,1,0,0,0,0,0,0,0,0,14:52:39,0.62,0
2015-07-18,777,3,2,40,46,423,313,79,89,73,0.54,0,8.28,1,0,1,0,0,0,0,0,0,0,0,14:51:06,0.62,0
2015-07-19,762,1,0,29,30,408,322,79,85,65,0,0,8.28,0,0,0,0,0,0,0,0,0,0,1,14:49:30,0.62,1
2015-07-20,777,1,1,42,36,456,278,74,85,63,0,0,8.5,0,0,0,0,0,0,1,0,0,0,0,14:47:51,0.62,1
2015-07-21,776,1,3,41,40,502,231,75,82,65,0,0,8.5,0,0,0,0,0,0,0,0,0,0,1,14:46:09,0.62,1
2015-07-22,772,0,2,41,37,493,236,74,83,64,0,0,4.92,0,0,0,0,0,0,0,0,0,0,1,14:44:25,0.61,1
2015-07-23,809,1,0,37,40,500,270,74,85,63,0,0,4.03,0,0,0,0,0,0,1,0,0,0,0,14:42:38,0.61,1
2015-07-24,866,1,0,43,50,526,297,75,84,64,0,0,6.71,0,0,0,0,0,0,1,0,0,0,0,14:40:49,0.61,1
2015-07-25,831,2,0,35,49,451,343,80,91,69,0,0,7.83,0,0,0,0,0,0,0,0,0,0,1,14:38:57,0.61,1
2015-07-26,801,3,1,24,35,445,330,75,80,64,0,0,4.92,0,0,0,0,0,0,0,0,0,0,1,14:37:03,0.61,1
2015-07-27,835,0,3,55,42,510,268,77,88,67,0,0,8.5,0,0,0,0,0,0,0,0,0,0,1,14:35:07,0.61,1
2015-07-28,767,1,4,46,41,455,263,79,91,67,0,0,5.82,0,0,0,0,0,0,0,0,0,0,1,14:33:09,0.61,1
2015-07-29,762,0,1,47,37,474,240,81,88,70,0,0,10.96,0,0,0,0,0,0,0,0,0,0,1,14:31:08,0.6,1
2015-07-30,774,1,2,33,45,498,242,77,88,65,0,0,11.63,0,0,0,0,0,0,0,0,0,0,1,14:29:05,0.6,1
2015-07-31,778,1,5,59,40,455,262,78,87,67,0,0,12.3,0,0,0,0,0,0,0,0,0,0,1,14:27:01,0.6,1
2015-08-01,1031,0,1,97,43,533,397,76,87,64,0,0,10.96,0,0,0,0,0,0,0,0,0,0,1,14:24:54,0.6,1
2015-08-02,821,3,1,30,37,410,380,80,91,67,0.53,0,13.87,0,0,1,0,1,0,1,0,0,0,0,14:22:46,0.6,0
2015-08-03,729,1,3,45,27,428,252,76,82,67,0,0,9.84,0,0,0,0,0,0,0,0,0,0,1,14:20:35,0.6,1
2015-08-04,761,1,2,43,30,446,269,72,82,61,0,0,7.61,0,0,0,0,0,0,0,0,0,0,1,14:18:23,0.6,1
2015-08-05,770,2,1,47,31,490,228,73,82,61,0,0,6.04,0,0,0,0,0,0,0,0,0,0,1,14:16:09,0.59,1
2015-08-06,807,2,1,40,45,504,259,73,83,64,0,0,7.16,0,0,0,0,0,0,0,0,0,0,1,14:13:54,0.59,1
2015-08-07,839,2,0,43,45,490,301,73,83,63,0,0,8.5,0,0,0,0,0,0,0,0,0,0,1,14:11:37,0.59,1
2015-08-08,848,0,2,46,52,451,347,75,82,68,0,0,7.16,1,0,0,0,0,0,0,0,0,0,0,14:09:18,0.59,1
2015-08-09,744,1,1,19,34,369,354,72,80,67,0,0,4.7,1,0,0,0,0,0,1,0,0,0,0,14:06:58,0.59,0
2015-08-10,807,1,1,45,44,459,302,75,84,68,0.02,0,6.04,1,0,0,0,0,0,1,0,0,0,0,14:04:37,0.59,0
2015-08-11,790,2,0,38,34,472,274,73,82,65,0,0,6.71,0,0,0,0,0,0,0,0,0,0,1,14:02:14,0.58,1
2015-08-12,759,1,0,36,38,483,236,71,81,61,0,0,4.92,0,0,0,0,0,0,0,0,0,0,1,13:59:50,0.58,1
2015-08-13,783,2,0,53,46,435,293,74,85,65,0,0,9.84,0,0,0,0,0,0,1,0,0,0,0,13:57:24,0.58,1
2015-08-14,804,1,4,38,56,464,300,78,90,67,0.21,0,9.84,1,0,1,0,0,0,0,0,0,0,0,13:54:57,0.58,0
2015-08-15,823,3,4,39,50,440,341,77,92,67,0.14,0,5.37,0,0,1,0,0,0,0,0,0,0,0,13:52:29,0.58,1
2015-08-16,864,2,3,25,45,398,438,79,89,71,0,0,6.71,1,0,0,0,0,0,0,0,0,0,0,13:50:00,0.58,1
2015-08-17,739,2,0,53,48,418,268,79,88,68,0.12,0,7.16,1,0,1,0,0,0,0,0,0,0,0,13:47:30,0.57,0
2015-08-18,761,0,1,48,47,445,263,74,83,67,0.4,0,8.72,1,0,1,0,0,0,0,0,0,0,0,13:44:59,0.57,0
2015-08-19,792,2,0,44,32,449,293,72,75,62,0,0,13.42,0,0,0,0,0,0,0,0,0,0,1,13:42:27,0.57,1
2015-08-20,838,2,2,42,46,496,296,65,74,59,0,0,13.87,0,0,0,0,0,0,1,0,0,0,0,13:39:54,0.57,1
2015-08-21,858,2,2,51,38,485,319,69,82,55,0,0,8.05,0,0,0,0,0,0,0,0,0,0,1,13:37:20,0.57,1
2015-08-22,845,2,1,41,39,428,374,72,81,60,0,0,10.51,0,0,0,0,0,0,0,0,0,0,1,13:34:46,0.57,1
2015-08-23,806,3,0,32,34,389,381,71,77,61,0,0,11.41,1,0,0,0,0,0,0,0,0,0,0,13:32:10,0.56,1
2015-08-24,724,1,3,38,38,420,263,65,75,55,0,0,14.09,0,0,0,0,0,0,0,0,0,0,1,13:29:34,0.56,1
2015-08-25,766,3,1,49,39,429,283,63,72,59,0,0,8.5,0,0,0,0,0,0,0,0,0,0,1,13:26:56,0.56,1
2015-08-26,787,2,0,63,34,455,263,62,67,56,0,0,6.26,0,0,0,0,0,0,0,0,0,0,1,13:24:19,0.56,1
2015-08-27,763,0,0,44,37,452,264,63,76,51,0,0,4.25,1,0,0,0,0,0,1,0,0,0,0,13:21:40,0.56,0
2015-08-28,804,1,0,57,47,445,299,65,72,56,0,0,5.14,1,0,0,0,0,0,0,0,0,0,0,13:19:01,0.55,1
2015-08-29,759,2,1,36,42,368,353,68,70,63,0.74,0,6.04,1,0,0,0,0,0,0,0,0,0,0,13:16:21,0.55,1
2015-08-30,799,2,1,30,39,401,365,68,77,62,0,0,4.03,1,0,0,0,0,0,1,0,0,0,0,13:13:41,0.55,0
2015-08-31,744,3,4,47,33,421,272,71,85,60,0,0,2.68,1,1,0,0,0,0,1,0,0,0,0,13:11:00,0.55,0
2015-09-01,945,1,2,114,36,476,350,78,88,68,0,0,6.71,1,0,0,0,0,0,1,0,0,0,0,13:08:18,0.55,0
2015-09-02,797,9,2,41,51,451,301,80,90,72,0,0,7.38,1,0,0,0,0,0,1,0,0,0,0,13:05:36,0.55,0
2015-09-03,874,2,0,41,35,488,342,81,91,71,0,0,8.95,0,0,0,0,0,0,1,0,0,0,0,13:02:54,0.54,1
2015-09-04,813,2,0,66,37,452,290,74,85,68,0,0,5.37,0,0,0,0,0,0,0,0,0,0,1,13:00:11,0.54,1
2015-09-05,762,3,0,32,39,352,376,75,87,69,0,0,7.16,1,0,0,0,0,0,0,0,0,0,0,12:57:27,0.54,1
2015-09-06,817,2,2,23,42,383,407,80,92,70,0,0,9.62,0,0,0,0,0,0,0,0,0,0,1,12:54:44,0.54,1
2015-09-07,807,2,1,27,34,419,360,81,88,76,0,0,6.71,0,0,0,0,0,0,0,0,0,0,1,12:51:59,0.54,1
2015-09-08,716,1,2,52,41,406,257,77,81,68,1.04,0,8.5,1,0,1,0,0,0,0,0,0,0,0,12:49:15,0.53,0
2015-09-09,711,1,1,42,41,407,260,70,77,58,0,0,6.26,0,0,0,0,0,0,0,0,0,0,1,12:46:30,0.53,1
2015-09-10,658,1,2,33,45,377,248,64,74,54,0.21,0,5.59,1,0,1,0,0,0,0,0,0,0,0,12:43:45,0.53,0
2015-09-11,689,0,2,48,43,384,255,62,67,54,0.17,0,10.74,1,0,0,0,0,0,0,0,0,0,0,12:40:59,0.53,1
2015-09-12,724,0,2,47,21,312,364,58,65,50,0,0,10.51,0,0,0,0,0,0,0,0,0,0,1,12:38:13,0.53,1
2015-09-13,734,1,0,31,31,341,361,58,70,48,0,0,7.38,0,0,0,0,0,0,0,0,0,0,1,12:35:27,0.52,1
2015-09-14,789,5,8,40,42,429,319,65,82,52,0,0,12.97,0,0,0,0,0,0,0,0,0,0,1,12:32:41,0.52,1
2015-09-15,807,1,0,65,38,445,294,73,82,62,0,0,11.41,0,0,0,0,0,0,0,0,0,0,1,12:29:55,0.52,1
2015-09-16,766,2,0,47,41,402,312,71,83,56,0,0,11.18,0,0,0,0,0,0,0,0,0,0,1,12:27:08,0.52,1
2015-09-17,717,0,1,40,41,407,268,72,85,61,0.36,0,11.41,1,0,1,0,0,0,1,0,0,0,0,12:24:21,0.52,0
2015-09-18,791,1,2,55,50,394,337,72,74,65,2.41,0,7.16,1,0,1,0,0,0,0,0,0,0,0,12:21:34,0.51,0
2015-09-19,790,3,2,35,32,400,350,65,71,53,0.05,0,9.84,1,0,1,0,0,0,0,0,0,0,0,12:18:47,0.51,0
2015-09-20,810,6,0,38,26,362,408,60,73,50,0,0,4.47,0,0,0,0,0,0,0,0,0,0,1,12:16:00,0.51,1
2015-09-21,735,1,0,40,47,415,278,62,74,52,0,0,5.14,0,0,0,0,0,0,0,0,0,0,1,12:13:13,0.51,1
2015-09-22,775,1,2,45,42,415,314,65,80,53,0,0,3.58,1,0,0,0,0,0,0,0,0,0,0,12:10:26,0.51,1
2015-09-23,830,1,2,44,41,447,335,68,80,57,0,0,4.25,1,0,0,0,0,0,0,0,0,0,0,12:07:38,0.51,1
2015-09-24,715,2,1,38,40,396,280,67,76,56,0,0,5.59,1,0,0,0,0,0,0,0,0,0,0,12:04:51,0.5,1
2015-09-25,809,2,1,50,56,425,330,65,73,60,0,0,8.72,1,0,0,0,0,0,1,0,0,0,0,12:02:04,0.5,0
2015-09-26,792,2,3,30,36,366,394,67,75,60,0,0,7.61,0,0,0,0,0,0,0,0,0,0,1,11:59:16,0.5,1
2015-09-27,800,3,0,26,45,368,406,67,74,61,0,0,7.16,1,0,0,0,0,0,0,0,0,0,0,11:56:29,0.5,1
2015-09-28,751,2,0,40,42,394,316,70,77,64,0,0,4.25,0,0,0,0,0,0,1,0,0,0,0,11:53:42,0.5,1
2015-09-29,666,2,0,43,31,345,276,64,68,55,0.4,0,14.54,1,0,0,0,0,0,0,0,0,0,0,11:50:55,0.49,1
2015-09-30,677,2,1,39,35,380,254,57,61,52,0,0,15.43,0,0,0,0,0,0,0,0,0,0,1,11:48:07,0.49,1
2015-10-01,873,2,3,105,38,463,302,55,59,52,0,0,18.12,0,0,0,0,0,0,0,0,0,0,1,11:45:20,0.49,1
2015-10-02,796,0,1,55,49,419,322,55,60,51,0,0,19.01,0,0,0,0,0,0,0,0,0,0,1,11:42:34,0.49,1
2015-10-03,708,0,0,35,44,330,341,52,54,48,0.01,0,17,1,0,0,0,0,0,1,0,0,0,0,11:39:47,0.49,0
2015-10-04,653,1,0,22,24,276,355,52,57,50,0,0,11.41,0,0,0,0,0,0,0,0,0,0,1,11:37:00,0.48,1
2015-10-05,753,0,0,64,41,383,302,57,60,55,0,0,6.93,1,0,0,0,0,0,0,0,0,0,0,11:34:14,0.48,1
2015-10-06,751,2,4,38,43,400,313,60,71,55,0,0,4.92,1,0,0,0,0,0,0,0,0,0,0,11:31:28,0.48,1
2015-10-07,717,1,1,44,44,348,325,62,71,54,0,0,7.38,1,0,0,0,0,0,0,0,0,0,0,11:28:42,0.48,1
2015-10-08,701,1,1,38,28,351,311,62,77,50,0.05,0,8.28,0,0,0,0,0,0,0,0,0,0,1,11:25:56,0.48,1
2015-10-09,794,1,0,53,39,409,332,60,64,47,0,0,10.51,0,0,0,0,0,0,0,0,0,0,1,11:23:10,0.47,1
2015-10-10,727,2,1,40,32,330,356,53,65,42,0,0,5.82,0,0,0,0,0,0,1,0,0,0,0,11:20:25,0.47,1
2015-10-11,735,1,2,19,26,295,419,62,79,51,0,0,12.75,0,0,0,0,0,0,0,0,0,0,1,11:17:41,0.47,1
2015-10-12,729,1,3,38,44,379,311,67,75,53,0,0,15.43,0,0,0,0,0,0,1,0,0,0,0,11:14:56,0.47,1
2015-10-13,741,1,0,42,47,391,305,56,63,47,0,0,11.63,0,0,0,0,0,0,0,0,0,0,1,11:12:12,0.47,1
2015-10-14,764,2,3,49,59,391,323,52,63,42,0,0,8.05,0,0,0,0,0,0,1,0,0,0,0,11:09:28,0.46,1
2015-10-15,813,0,0,66,50,420,324,55,69,46,0,0,11.18,0,0,0,0,0,0,1,0,0,0,0,11:06:45,0.46,1
2015-10-16,733,2,0,47,41,362,319,49,55,37,0,0,11.18,0,0,0,0,0,0,0,0,0,0,1,11:04:03,0.46,1
2015-10-17,706,0,3,25,37,329,350,42,53,33,0,0,9.17,0,0,0,0,0,0,0,0,0,0,1,11:01:21,0.46,1
2015-10-18,675,2,1,24,36,273,377,45,60,33,0,0,5.82,0,0,0,0,0,0,0,0,0,0,1,10:58:39,0.46,1
2015-10-19,788,2,4,38,45,382,367,55,73,47,0,0,18.79,0,0,0,0,0,0,1,0,0,0,0,10:55:58,0.46,1
2015-10-20,782,0,0,55,49,392,333,64,74,57,0.11,0,10.07,0,0,0,0,0,0,1,0,0,0,0,10:53:18,0.45,1
2015-10-21,793,0,3,41,50,381,369,63,75,52,0.01,0,10.74,0,0,0,0,0,0,0,0,0,0,1,10:50:38,0.45,1
2015-10-22,773,0,1,43,44,361,368,60,62,51,0,0,7.16,0,0,0,0,0,0,0,0,0,0,1,10:47:59,0.45,1
2015-10-23,777,3,1,50,48,377,347,55,64,52,0.16,0,11.63,1,0,0,0,0,0,0,0,0,0,0,10:45:21,0.45,1
2015-10-24,764,3,2,37,49,338,389,62,66,46,0.3,0,14.32,1,0,0,0,0,0,0,0,0,0,0,10:42:43,0.45,1
2015-10-25,728,1,2,23,28,306,396,51,62,41,0,0,4.03,0,0,0,0,0,0,0,0,0,0,1,10:40:07,0.44,1
2015-10-26,780,2,3,55,54,375,348,49,61,37,0,0,5.82,1,0,0,0,0,0,0,0,0,0,0,10:37:31,0.44,1
2015-10-27,649,0,1,35,44,318,296,53,56,50,0.49,0,13.42,1,0,0,0,0,0,0,0,0,0,0,10:34:56,0.44,1
2015-10-28,681,0,2,44,56,331,306,53,56,37,0.33,0,14.99,1,0,0,0,0,0,0,0,0,0,0,10:32:23,0.44,1
2015-10-29,668,0,1,38,35,327,302,41,47,36,0,0,15.43,0,0,0,0,0,0,0,0,0,0,1,10:29:50,0.44,1
2015-10-30,775,1,1,54,42,394,327,45,56,36,0,0,6.71,0,0,0,0,0,0,0,0,0,0,1,10:27:18,0.44,1
2015-10-31,721,1,2,29,35,268,422,47,52,45,0.77,0,11.41,1,0,0,0,0,0,0,0,0,0,0,10:24:47,0.43,1
2015-11-01,985,1,5,90,41,326,566,53,63,44,0,0,10.29,0,0,0,0,0,0,0,0,0,0,1,10:22:18,0.43,1
2015-11-02,783,2,1,49,51,370,364,58,72,47,0,0,10.51,0,0,0,0,0,0,0,0,0,0,1,10:19:50,0.43,1
2015-11-03,749,3,6,50,40,316,381,58,70,44,0,0,6.26,1,0,0,0,0,0,0,0,0,0,0,10:17:23,0.43,1
2015-11-04,788,0,2,40,65,372,372,58,71,48,0,0,8.28,1,1,0,0,0,0,0,0,0,0,0,10:14:57,0.43,0
2015-11-05,753,1,0,42,47,362,349,64,70,59,0,0,16.11,1,0,0,0,0,0,0,0,0,0,0,10:12:33,0.43,1
2015-11-06,747,0,0,40,47,331,376,56,65,41,0.16,0,14.76,1,0,0,0,0,0,0,0,0,0,0,10:10:10,0.42,1
2015-11-07,691,4,1,31,25,287,366,44,53,35,0,0,9.62,0,0,0,0,0,0,0,0,0,0,1,10:07:49,0.42,1
2015-11-08,704,0,5,24,29,280,399,41,52,28,0,0,4.25,0,0,0,0,0,0,0,0,0,0,1,10:05:29,0.42,1
2015-11-09,684,1,1,39,45,293,352,42,56,29,0,0,2.24,1,0,0,0,0,0,1,0,0,0,0,10:03:11,0.42,0
2015-11-10,640,1,1,44,42,261,334,45,56,32,0,0,3.8,1,0,0,0,0,0,0,0,0,0,0,10:00:55,0.42,1
2015-11-11,686,2,0,58,49,295,332,48,63,36,0.42,0,14.32,1,0,1,0,0,0,0,0,0,0,0,9:58:41,0.42,0
2015-11-12,691,2,1,62,52,303,324,48,56,42,0,0,23.49,1,0,0,0,0,0,0,0,0,0,0,9:56:28,0.41,1
2015-11-13,679,0,1,39,31,288,351,42,47,32,0,0,15.21,0,0,0,0,0,0,0,0,0,0,1,9:54:17,0.41,1
2015-11-14,696,1,0,30,35,283,381,39,57,25,0,0,8.5,0,0,0,0,0,0,0,0,0,0,1,9:52:09,0.41,1
2015-11-15,720,0,1,39,38,283,398,53,64,44,0,0,10.29,0,0,0,0,0,0,0,0,0,0,1,9:50:02,0.41,1
2015-11-16,742,0,3,50,53,321,371,52,57,43,0.12,0,12.08,1,0,0,0,0,0,0,0,0,0,0,9:47:58,0.41,1
2015-11-17,667,0,2,44,44,292,330,51,61,47,0.63,0,17.67,1,0,0,0,0,0,0,0,0,0,0,9:45:56,0.41,1
2015-11-18,681,2,2,45,46,291,345,58,62,47,0.2,0,20.8,1,0,0,0,0,0,0,0,0,0,0,9:43:56,0.41,1
2015-11-19,696,0,1,48,38,309,338,45,47,35,0,0,18.79,0,0,0,0,0,0,0,0,0,0,1,9:41:58,0.4,1
2015-11-20,711,1,0,43,36,283,384,36,40,31,0.28,4.2,8.5,1,0,0,0,0,0,0,0,0,0,0,9:40:03,0.4,1
2015-11-21,528,2,1,30,25,188,310,32,33,18,1.16,7,12.08,1,1,0,0,0,0,0,1,0,0,0,9:38:11,0.4,0
2015-11-22,519,3,0,28,21,192,299,19,27,7,0,0,8.95,0,0,0,0,0,0,0,0,0,0,1,9:36:21,0.4,1
2015-11-23,650,1,3,41,32,276,333,28,37,25,0,0,9.17,0,0,0,0,0,0,0,0,0,0,1,9:34:34,0.4,1
2015-11-24,607,0,1,30,51,272,305,32,41,21,0,0,6.71,1,0,0,0,0,0,0,0,0,0,0,9:32:50,0.4,1
2015-11-25,618,1,2,33,47,254,331,38,52,29,0,0,14.99,1,0,0,0,0,0,0,0,0,0,0,9:31:08,0.4,1
2015-11-26,588,3,1,20,42,208,358,52,60,48,0.42,0,15.66,1,0,0,0,0,0,0,0,0,0,0,9:29:30,0.4,1
2015-11-27,612,2,2,41,27,234,337,45,56,34,0.84,0,15.66,1,0,0,0,0,0,0,0,0,0,0,9:27:55,0.39,1
2015-11-28,657,2,1,37,41,230,390,35,38,30,0,0,10.07,0,0,0,0,0,0,0,0,0,0,1,9:26:22,0.39,1
2015-11-29,612,4,1,24,41,226,361,33,41,25,0,0,7.61,0,0,0,0,0,0,0,0,0,0,1,9:24:53,0.39,1
2015-11-30,667,0,0,44,37,277,346,40,44,38,0.26,0,10.74,1,0,0,0,0,0,0,0,0,0,0,9:23:27,0.39,1
2015-12-01,780,2,2,102,37,281,397,42,43,37,0.18,0,10.51,1,0,1,0,0,0,0,0,0,0,0,9:22:05,0.39,0
2015-12-02,716,0,0,45,44,321,350,35,38,31,0.21,1.3,8.5,1,0,0,0,0,0,0,0,0,0,0,9:20:45,0.39,1
2015-12-03,710,1,1,52,43,293,365,33,35,30,0,0,10.74,1,0,0,0,0,0,0,0,0,0,0,9:19:30,0.39,1
2015-12-04,701,2,0,46,47,263,391,37,47,32,0,0,8.5,1,0,0,0,0,0,1,0,0,0,0,9:18:17,0.39,0
2015-12-05,707,1,2,45,25,232,429,36,46,29,0,0,7.83,1,0,0,0,0,0,0,0,0,0,0,9:17:09,0.39,1
2015-12-06,687,1,3,31,29,225,431,36,47,27,0,0,5.14,1,0,0,0,0,0,1,0,0,0,0,9:16:04,0.39,0
2015-12-07,689,0,1,45,51,300,344,34,39,27,0,0,6.93,1,1,0,0,0,0,0,0,0,0,0,9:15:03,0.39,0
2015-12-08,729,0,3,48,40,315,365,40,47,38,0,0,10.96,1,0,0,0,0,0,1,0,0,0,0,9:14:05,0.38,0
2015-12-09,685,1,1,43,56,311,331,46,52,40,0,0,8.28,1,0,0,0,0,0,1,0,0,0,0,9:13:12,0.38,0
2015-12-10,689,1,1,42,58,291,356,48,57,41,0,0,17,0,0,0,0,0,0,0,0,0,0,1,9:12:22,0.38,1
2015-12-11,742,1,1,40,46,275,427,46,51,41,0,0,7.61,0,0,0,0,0,0,0,0,0,0,1,9:11:37,0.38,1
2015-12-12,753,1,0,45,43,234,469,50,57,47,0,0,3.36,1,1,0,0,0,0,1,0,0,0,0,9:10:55,0.38,0
2015-12-13,651,1,0,17,28,229,402,55,61,48,0.85,0,13.65,1,0,0,0,0,0,0,0,0,0,0,9:10:17,0.38,1
2015-12-14,738,0,1,45,69,313,380,55,61,42,0.39,0,15.88,1,0,0,0,0,0,0,0,0,0,0,9:09:44,0.38,1
2015-12-15,792,1,1,58,62,335,399,41,43,39,0,0,9.84,0,0,0,0,0,0,0,0,0,0,1,9:09:15,0.38,1
2015-12-16,722,1,1,51,58,299,370,43,53,35,0.12,0,16.33,1,0,0,0,0,0,0,0,0,0,0,9:08:49,0.38,1
2015-12-17,728,4,1,61,56,287,378,33,35,28,0,0,14.32,0,0,0,0,0,0,0,0,0,0,1,9:08:28,0.38,1
2015-12-18,653,0,0,44,43,248,361,28,32,24,0,0.2,13.2,0,0,0,0,0,0,1,0,0,0,0,9:08:11,0.38,1
2015-12-19,666,0,0,45,41,227,394,23,30,15,0,0,11.41,0,0,0,0,0,0,0,0,0,0,1,9:07:59,0.38,1
2015-12-20,692,2,2,34,34,249,409,34,50,23,0.03,0,16.33,0,0,0,0,0,0,0,0,0,0,1,9:07:50,0.38,1
2015-12-21,649,2,1,58,44,234,357,46,52,41,0.67,0,11.63,1,0,0,0,0,0,0,0,0,0,0,9:07:46,0.38,1
2015-12-22,694,0,0,41,51,283,370,39,41,35,0.02,0,8.95,1,0,0,0,0,0,0,0,0,0,0,9:07:47,0.38,1
2015-12-23,753,2,2,46,68,309,398,47,59,40,0.49,0,17.22,1,1,1,0,0,0,0,0,0,0,0,9:07:51,0.38,0
2015-12-24,675,2,0,49,57,266,360,42,42,34,0,0,11.63,0,0,0,0,0,0,0,0,0,0,1,9:08:00,0.38,1
2015-12-25,498,1,1,14,28,176,307,38,44,32,0,0,8.05,0,0,0,0,0,0,0,0,0,0,1,9:08:13,0.38,1
2015-12-26,639,2,1,25,33,231,383,39,42,37,0.21,0,10.07,1,1,0,0,0,0,0,0,0,0,0,9:08:30,0.38,0
2015-12-27,625,2,3,21,24,219,383,38,40,35,0.14,0,17.22,1,0,0,0,0,0,0,0,0,0,0,9:08:51,0.38,1
2015-12-28,515,1,0,29,38,201,284,33,39,31,1.47,1.9,19.01,1,0,0,1,0,1,0,0,0,0,0,9:09:17,0.38,0
2015-12-29,623,1,0,46,42,247,330,33,39,29,0,0,11.41,1,0,0,0,0,0,0,0,0,0,0,9:09:47,0.38,1
2015-12-30,603,0,1,46,34,245,311,29,29,27,0.09,1.1,8.72,1,0,0,0,0,0,1,0,0,0,0,9:10:21,0.38,0
2015-12-31,609,0,2,65,46,209,335,26,28,22,0,0,13.42,0,0,0,0,0,0,0,0,0,0,1,9:10:59,0.38,1
